{
    "loss": 0.28405648469924927,
    "accuracy": 0.8627451062202454
}